{"cameraMode":{"drawMode":0,"name":"Shaded","section":"Shading Mode"},"sceneLighting":true,"audioPlay":false,"sceneViewState":{"m_AlwaysRefresh":false,"showFog":true,"showSkybox":true,"showFlares":true,"showImageEffects":true,"showParticleSystems":true,"showVisualEffectGraphs":true,"m_FxEnabled":true},"in2DMode":false,"pivot":{"x":102.7439956665039,"y":0.17014241218566895,"z":75.69393920898438},"rotation":{"x":0.05110383778810501,"y":0.9291516542434692,"z":-0.14015738666057588,"w":0.33892175555229189},"size":28.497407913208009,"orthographic":false}