{"cameraMode":{"drawMode":0,"name":"Shaded","section":"Shading Mode"},"sceneLighting":true,"audioPlay":false,"sceneViewState":{"m_AlwaysRefresh":false,"showFog":true,"showSkybox":true,"showFlares":true,"showImageEffects":true,"showParticleSystems":true,"showVisualEffectGraphs":true,"m_FxEnabled":true},"in2DMode":false,"pivot":{"x":308.37738037109377,"y":45.59800338745117,"z":369.79669189453127},"rotation":{"x":-0.10202997922897339,"y":-0.8698003888130188,"z":0.2027122676372528,"w":-0.4383705258369446},"size":0.17916445434093476,"orthographic":false}