{"cameraMode":{"drawMode":0,"name":"Shaded","section":"Shading Mode"},"sceneLighting":true,"audioPlay":false,"sceneViewState":{"m_AlwaysRefresh":false,"showFog":true,"showSkybox":true,"showFlares":true,"showImageEffects":true,"showParticleSystems":true,"showVisualEffectGraphs":true,"m_FxEnabled":true},"in2DMode":false,"pivot":{"x":27.78505516052246,"y":60.994834899902347,"z":142.86009216308595},"rotation":{"x":0.14862465858459474,"y":-0.18221043050289155,"z":0.02809140458703041,"w":0.9717559218406677},"size":30.81045913696289,"orthographic":false}