{"cameraMode":{"drawMode":0,"name":"Shaded","section":"Shading Mode"},"sceneLighting":true,"audioPlay":false,"sceneViewState":{"m_AlwaysRefresh":false,"showFog":true,"showSkybox":true,"showFlares":true,"showImageEffects":true,"showParticleSystems":true,"showVisualEffectGraphs":true,"m_FxEnabled":true},"in2DMode":false,"pivot":{"x":63.61860656738281,"y":41.64595031738281,"z":179.50408935546876},"rotation":{"x":0.06893002241849899,"y":-0.9190364480018616,"z":0.34123754501342776,"w":0.18583962321281434},"size":19.352027893066408,"orthographic":false}