{"cameraMode":{"drawMode":0,"name":"Shaded","section":"Shading Mode"},"sceneLighting":true,"audioPlay":false,"sceneViewState":{"m_AlwaysRefresh":false,"showFog":true,"showSkybox":true,"showFlares":true,"showImageEffects":true,"showParticleSystems":true,"showVisualEffectGraphs":true,"m_FxEnabled":true},"in2DMode":false,"pivot":{"x":-11.135095596313477,"y":2.2425460815429689,"z":-0.12172889709472656},"rotation":{"x":0.030882904306054117,"y":0.9665589928627014,"z":-0.2148023396730423,"w":0.13803355395793916},"size":8.687687873840332,"orthographic":false}