{"cameraMode":{"drawMode":0,"name":"Shaded","section":"Shading Mode"},"sceneLighting":true,"audioPlay":false,"sceneViewState":{"m_AlwaysRefresh":false,"showFog":true,"showSkybox":true,"showFlares":true,"showImageEffects":true,"showParticleSystems":true,"showVisualEffectGraphs":true,"m_FxEnabled":true},"in2DMode":false,"pivot":{"x":315.90325927734377,"y":210.9488983154297,"z":180.54632568359376},"rotation":{"x":-0.48924198746681216,"y":0.10961493104696274,"z":-0.062122978270053866,"w":-0.8630444407463074},"size":135.61817932128907,"orthographic":false}