{"cameraMode":{"drawMode":0,"name":"Shaded","section":"Shading Mode"},"sceneLighting":true,"audioPlay":false,"sceneViewState":{"m_AlwaysRefresh":false,"showFog":true,"showSkybox":true,"showFlares":true,"showImageEffects":true,"showParticleSystems":true,"showVisualEffectGraphs":true,"m_FxEnabled":true},"in2DMode":false,"pivot":{"x":154.76748657226563,"y":40.892669677734378,"z":40.20336151123047},"rotation":{"x":-0.0011991189094260336,"y":0.6955419182777405,"z":0.0017670002998784185,"w":0.7187560796737671},"size":20.499771118164064,"orthographic":false}