{"cameraMode":{"drawMode":0,"name":"Shaded","section":"Shading Mode"},"sceneLighting":false,"audioPlay":false,"sceneViewState":{"m_AlwaysRefresh":false,"showFog":true,"showSkybox":false,"showFlares":true,"showImageEffects":true,"showParticleSystems":true,"showVisualEffectGraphs":true,"m_FxEnabled":true},"in2DMode":false,"pivot":{"x":-0.20027056336402894,"y":-0.35563015937805178,"z":-0.12495435774326325},"rotation":{"x":-0.0690663754940033,"y":-0.910298764705658,"z":0.37193942070007326,"w":-0.16869734227657319},"size":1.0120294094085694,"orthographic":false}