{"cameraMode":{"drawMode":0,"name":"Shaded","section":"Shading Mode"},"sceneLighting":false,"audioPlay":false,"sceneViewState":{"m_AlwaysRefresh":false,"showFog":true,"showSkybox":false,"showFlares":true,"showImageEffects":true,"showParticleSystems":true,"showVisualEffectGraphs":true,"m_FxEnabled":true},"in2DMode":false,"pivot":{"x":-0.5363521575927734,"y":1.6638803482055665,"z":-1.7232141494750977},"rotation":{"x":-0.08886853605508805,"y":-0.8858128786087036,"z":0.18992635607719422,"w":-0.4145091772079468},"size":13.749507904052735,"orthographic":false}