{"cameraMode":{"drawMode":0,"name":"Shaded","section":"Shading Mode"},"sceneLighting":true,"audioPlay":false,"sceneViewState":{"m_AlwaysRefresh":false,"showFog":true,"showSkybox":true,"showFlares":true,"showImageEffects":true,"showParticleSystems":true,"showVisualEffectGraphs":true,"m_FxEnabled":true},"in2DMode":false,"pivot":{"x":-84.97755432128906,"y":22.947250366210939,"z":-14.530906677246094},"rotation":{"x":-0.14825287461280824,"y":-0.2899695336818695,"z":0.04551994055509567,"w":-0.9444048404693604},"size":1.1322925090789796,"orthographic":false}