{"cameraMode":{"drawMode":0,"name":"Shaded","section":"Shading Mode"},"sceneLighting":true,"audioPlay":false,"sceneViewState":{"m_AlwaysRefresh":false,"showFog":true,"showSkybox":true,"showFlares":true,"showImageEffects":true,"showParticleSystems":true,"showVisualEffectGraphs":true,"m_FxEnabled":true},"in2DMode":false,"pivot":{"x":-38.3590087890625,"y":0.27454328536987307,"z":3.6507387161254885},"rotation":{"x":-0.12415668368339539,"y":-0.07227249443531037,"z":0.009068133309483529,"w":-0.9895969033241272},"size":16.428911209106447,"orthographic":false}