{"cameraMode":{"drawMode":0,"name":"Shaded","section":"Shading Mode"},"sceneLighting":true,"audioPlay":false,"sceneViewState":{"m_AlwaysRefresh":false,"showFog":true,"showSkybox":true,"showFlares":true,"showImageEffects":true,"showParticleSystems":true,"showVisualEffectGraphs":true,"m_FxEnabled":true},"in2DMode":false,"pivot":{"x":-37.82448196411133,"y":8.543686866760254,"z":-0.17195510864257813},"rotation":{"x":0.02999582141637802,"y":0.004497123416513205,"z":-0.00013547240814659745,"w":0.9995484352111816},"size":12.20916748046875,"orthographic":false}