{"cameraMode":{"drawMode":0,"name":"Shaded","section":"Shading Mode"},"sceneLighting":true,"audioPlay":false,"sceneViewState":{"m_AlwaysRefresh":false,"showFog":true,"showSkybox":true,"showFlares":true,"showImageEffects":true,"showParticleSystems":true,"showVisualEffectGraphs":true,"m_FxEnabled":true},"in2DMode":false,"pivot":{"x":-29.776893615722658,"y":6.290148735046387,"z":3.9411449432373049},"rotation":{"x":-0.12415668368339539,"y":-0.07227249443531037,"z":0.009068133309483529,"w":-0.9895969033241272},"size":20.035837173461915,"orthographic":false}